"0",""
"0","demographics_plot = ggplot(final_users, aes(new_age, color = sex_fixed)) +"
"0","                  geom_histogram(binwidth = 1, fill = ""white"", alpha = 1) +"
"0","                  scale_color_manual(""Sex"", values = c(""darkorange3"", ""darkorchid4""),"
"0","                                      labels = c(""Female"", ""Male"")) +"
"0","                  labs(title ="" Participants Demographics"","
"0","                       x = ""Age"", "
"0","                       y = ""Number of Participants"") + "
"0","                  theme_minimal()"
"0","  "
"0","print(demographics_plot)                              "
