"0",""
"0","#Correcting the erroneous ages in the users data set and removing the old column"
"0","fixed_age = users |> mutate(new_age = ifelse(users$age>100,users$age - 2000, users$age))"
"0","final_age_fixed = subset(fixed_age, select = -age)"
"0",""
"0","#Recording the sex column in the users data set and removing the old column "
"0","final_age_fixed$sex_fixed = recode(final_age_fixed$sex,"
"0","                                    ""FEMALE"" = ""F"","
"0","                                    ""female"" = ""F"", "
"0","                                    ""f"" = ""F"", "
"0","                                    ""MALE"" = ""M"", "
"0","                                    ""male"" = ""M"", "
"0","                                    ""m"" = ""M"")"
"0","final_users = subset(final_age_fixed, select = -sex)"
"0",""
