"0",""
"0","#Total number of participants"
"0","total_disgust_soi = full_join(disgust, soi, by = ""user_id"")"
"0","total_ds_users = full_join(total_disgust_soi, final_users, by = ""user_id"")"
"0","total_parts = nrow(total_ds_users)"
"0",""
"0","#Started each of the demographic, disgust, and SOI questionnaires "
"0","demo_start = nrow(final_users)"
"0","disgust_start = nrow(disgust)"
"0","soi_start = nrow(soi)"
"0",""
"0","#Started all 3 questionnaires"
"0","started_users_disgust = inner_join(final_users, disgust, by = ""user_id"")"
"0","started_ud_soi = inner_join(started_users_disgust, soi, by = ""user_id"")"
"0","started_all_three = nrow(started_ud_soi)"
"0",""
"0","#Number of participants who completed the disgust and SOI questionnaires (remove all the NAs) "
"0","compl_d_s = na.omit(started_ud_soi)"
"0","completed_disgust_soi = nrow(compl_d_s)"
"0",""
"0","#Total number of participants excluded"
"0","final_excluded = nrow(total_ds_users) - nrow(compl_d_s)"
