"0",""
"0","soi_na_omit = na.omit(soi)"
"0",""
"0","final_soi_recoded = soi_na_omit |>"
"0","  pivot_longer(behaviour_1:desire_3) |>"
"0","  mutate(value = recode(value,"
"0","                        ""0"" = 1,"
"0","                        ""1"" = 2,"
"0","                        ""2 to 3"" = 3, "
"0","                        ""4 to 7"" = 4, "
"0","                        ""8 or more"" = 5, "
"0","                        ""totally agree"" = 1, "
"0","                        ""agree"" = 2, "
"0","                        ""neutral"" = 3, "
"0","                        ""disagree"" = 4, "
"0","                        ""totally disagree"" = 5, "
"0","                        ""never"" = 1, "
"0","                        ""very seldom"" = 2, "
"0","                        ""about once a month"" = 3,"
"0","                        ""about once a week"" = 4, "
"0","                        ""nearly every day"" = 5)) |>"
"0","  pivot_wider(names_from = name, values_from = value)"
"0","  "
"0","reverse_coded_soi = c(""attitude_3"")"
"0",""
"0","final_soi_recoded[, reverse_coded_soi] = 6- final_soi_recoded[, reverse_coded_soi]"
"0",""
"0","soi_long_table = final_soi_recoded |> pivot_longer(behaviour_1:desire_3)"
