"0",""
"0","disgust_soi_subscale = inner_join(disgust_subscale, soi_subscale, by = ""user_id"")"
"0","ds_users_subscale = inner_join(disgust_soi_subscale, final_users, by = ""user_id"")"
"0",""
"0","domains_table = ds_users_subscale |> "
"0","  pivot_longer("
"0","    cols = mor: desire, "
"0","    names_to = ""subscale"", "
"0","    values_to = ""score"") |>"
"0","  group_by(subscale) |> "
"0","  summarise(mean= mean(score), "
"0","            sd= sd(score), "
"0","            .groups = ""drop"") |>"
"0","  kable(digits = 2, "
"0","        col.names = c(""Subscale"", ""Mean"", ""Standard Deviation""), "
"0","        caption = ""The Mean and Standard Deviation for the Six Domains"")"
"0",""
"0","domains_table"
