{"chunk_definitions":[{"row":26,"row_count":1,"visible":true,"expansion_state":0,"options":{"engine":"r","label":"setup","include":false},"document_id":"35D96C70","chunk_id":"csetup_chunk","chunk_label":"setup"},{"row":51,"row_count":1,"visible":true,"expansion_state":0,"options":{"engine":"r","label":"data","echo":false,"message":false,"warning":false},"document_id":"35D96C70","chunk_id":"co1xmi6tbd71y","chunk_label":"data"},{"row":69,"row_count":1,"visible":true,"expansion_state":0,"options":{"engine":"r","label":"fixed_data_sets","echo":false,"message":false,"warning":false},"document_id":"35D96C70","chunk_id":"c2fe0n5k8r5v3","chunk_label":"fixed_data_sets"},{"row":94,"row_count":1,"visible":true,"expansion_state":0,"options":{"engine":"r","label":"participants","echo":false,"message":false,"warning":false},"document_id":"35D96C70","chunk_id":"c0wdltlire3ni","chunk_label":"participants"},{"row":112,"row_count":1,"visible":true,"expansion_state":0,"options":{"engine":"r","label":"descriptives","fig.cap":"The distribution of age and sex.","message":false,"warning":false,"echo":false,"results":false},"document_id":"35D96C70","chunk_id":"coy2w88lf6odx","chunk_label":"descriptives"},{"row":145,"row_count":1,"visible":true,"expansion_state":0,"options":{"engine":"r","label":"recoded_soi","echo":false,"message":false,"warning":false},"document_id":"35D96C70","chunk_id":"c7rk1v5l03iwe","chunk_label":"recoded_soi"},{"row":156,"row_count":1,"visible":true,"expansion_state":0,"options":{"engine":"r","label":"soi_subscale","echo":false,"message":false,"warning":false},"document_id":"35D96C70","chunk_id":"cezci8ovrdhax","chunk_label":"soi_subscale"},{"row":168,"row_count":1,"visible":true,"expansion_state":0,"options":{"engine":"r","label":"disgust_subscale","echo":false,"message":false,"warning":false},"document_id":"35D96C70","chunk_id":"czz9ygbo1xes0","chunk_label":"disgust_subscale"},{"row":189,"row_count":1,"visible":true,"expansion_state":0,"options":{"engine":"r","label":"domains_table","echo":true,"message":false,"warning":false},"document_id":"35D96C70","chunk_id":"cg4s4utigk9n3","chunk_label":"domains_table"}],"doc_write_time":1669207701,"working_dir":null,"default_chunk_options":{"echo":true}}